
{
  "response": {
  "version":"0.1",
  "termsofService":"http://www.wunderground.com/weather/api/d/terms.html",
  "features": {
  "hourly": 1
  }
	}
		,
	"hourly_forecast": [
		{
		"FCTTIME": {
		"hour": "14","hour_padded": "14","min": "00","min_unpadded": "0","sec": "0","year": "2016","mon": "6","mon_padded": "06","mon_abbrev": "Jun","mday": "18","mday_padded": "18","yday": "169","isdst": "1","epoch": "1466272800","pretty": "2:00 PM EDT on June 18, 2016","civil": "2:00 PM","month_name": "June","month_name_abbrev": "Jun","weekday_name": "Saturday","weekday_name_night": "Saturday Night","weekday_name_abbrev": "Sat","weekday_name_unlang": "Saturday","weekday_name_night_unlang": "Saturday Night","ampm": "PM","tz": "","age": "","UTCDATE": ""
		},
		"temp": {"english": "71", "metric": "22"},
		"dewpoint": {"english": "53", "metric": "12"},
		"condition": "Clear",
		"icon": "clear",
		"icon_url":"http://icons.wxug.com/i/c/k/clear.gif",
		"fctcode": "1",
		"sky": "20",
		"wspd": {"english": "9", "metric": "14"},
		"wdir": {"dir": "E", "degrees": "86"},
		"wx": "Mostly Sunny",
		"uvi": "8",
		"humidity": "53",
		"windchill": {"english": "-9999", "metric": "-9999"},
		"heatindex": {"english": "-9999", "metric": "-9999"},
		"feelslike": {"english": "71", "metric": "22"},
		"qpf": {"english": "0.0", "metric": "0"},
		"snow": {"english": "0.0", "metric": "0"},
		"pop": "0",
		"mslp": {"english": "30.26", "metric": "1025"}
		}
		,
		{
		"FCTTIME": {
		"hour": "15","hour_padded": "15","min": "00","min_unpadded": "0","sec": "0","year": "2016","mon": "6","mon_padded": "06","mon_abbrev": "Jun","mday": "18","mday_padded": "18","yday": "169","isdst": "1","epoch": "1466276400","pretty": "3:00 PM EDT on June 18, 2016","civil": "3:00 PM","month_name": "June","month_name_abbrev": "Jun","weekday_name": "Saturday","weekday_name_night": "Saturday Night","weekday_name_abbrev": "Sat","weekday_name_unlang": "Saturday","weekday_name_night_unlang": "Saturday Night","ampm": "PM","tz": "","age": "","UTCDATE": ""
		},
		"temp": {"english": "71", "metric": "22"},
		"dewpoint": {"english": "54", "metric": "12"},
		"condition": "Clear",
		"icon": "clear",
		"icon_url":"http://icons.wxug.com/i/c/k/clear.gif",
		"fctcode": "1",
		"sky": "26",
		"wspd": {"english": "10", "metric": "16"},
		"wdir": {"dir": "E", "degrees": "89"},
		"wx": "Mostly Sunny",
		"uvi": "6",
		"humidity": "56",
		"windchill": {"english": "-9999", "metric": "-9999"},
		"heatindex": {"english": "-9999", "metric": "-9999"},
		"feelslike": {"english": "71", "metric": "22"},
		"qpf": {"english": "0.0", "metric": "0"},
		"snow": {"english": "0.0", "metric": "0"},
		"pop": "0",
		"mslp": {"english": "30.26", "metric": "1025"}
		}
		,
		{
		"FCTTIME": {
		"hour": "16","hour_padded": "16","min": "00","min_unpadded": "0","sec": "0","year": "2016","mon": "6","mon_padded": "06","mon_abbrev": "Jun","mday": "18","mday_padded": "18","yday": "169","isdst": "1","epoch": "1466280000","pretty": "4:00 PM EDT on June 18, 2016","civil": "4:00 PM","month_name": "June","month_name_abbrev": "Jun","weekday_name": "Saturday","weekday_name_night": "Saturday Night","weekday_name_abbrev": "Sat","weekday_name_unlang": "Saturday","weekday_name_night_unlang": "Saturday Night","ampm": "PM","tz": "","age": "","UTCDATE": ""
		},
		"temp": {"english": "69", "metric": "21"},
		"dewpoint": {"english": "54", "metric": "12"},
		"condition": "Clear",
		"icon": "clear",
		"icon_url":"http://icons.wxug.com/i/c/k/clear.gif",
		"fctcode": "1",
		"sky": "24",
		"wspd": {"english": "11", "metric": "18"},
		"wdir": {"dir": "E", "degrees": "92"},
		"wx": "Mostly Sunny",
		"uvi": "4",
		"humidity": "58",
		"windchill": {"english": "-9999", "metric": "-9999"},
		"heatindex": {"english": "-9999", "metric": "-9999"},
		"feelslike": {"english": "69", "metric": "21"},
		"qpf": {"english": "0.0", "metric": "0"},
		"snow": {"english": "0.0", "metric": "0"},
		"pop": "0",
		"mslp": {"english": "30.26", "metric": "1025"}
		}
		,
		{
		"FCTTIME": {
		"hour": "17","hour_padded": "17","min": "00","min_unpadded": "0","sec": "0","year": "2016","mon": "6","mon_padded": "06","mon_abbrev": "Jun","mday": "18","mday_padded": "18","yday": "169","isdst": "1","epoch": "1466283600","pretty": "5:00 PM EDT on June 18, 2016","civil": "5:00 PM","month_name": "June","month_name_abbrev": "Jun","weekday_name": "Saturday","weekday_name_night": "Saturday Night","weekday_name_abbrev": "Sat","weekday_name_unlang": "Saturday","weekday_name_night_unlang": "Saturday Night","ampm": "PM","tz": "","age": "","UTCDATE": ""
		},
		"temp": {"english": "68", "metric": "20"},
		"dewpoint": {"english": "53", "metric": "12"},
		"condition": "Clear",
		"icon": "clear",
		"icon_url":"http://icons.wxug.com/i/c/k/clear.gif",
		"fctcode": "1",
		"sky": "17",
		"wspd": {"english": "12", "metric": "19"},
		"wdir": {"dir": "E", "degrees": "96"},
		"wx": "Sunny",
		"uvi": "2",
		"humidity": "59",
		"windchill": {"english": "-9999", "metric": "-9999"},
		"heatindex": {"english": "-9999", "metric": "-9999"},
		"feelslike": {"english": "68", "metric": "20"},
		"qpf": {"english": "0.0", "metric": "0"},
		"snow": {"english": "0.0", "metric": "0"},
		"pop": "0",
		"mslp": {"english": "30.26", "metric": "1025"}
		}
		,
		{
		"FCTTIME": {
		"hour": "18","hour_padded": "18","min": "00","min_unpadded": "0","sec": "0","year": "2016","mon": "6","mon_padded": "06","mon_abbrev": "Jun","mday": "18","mday_padded": "18","yday": "169","isdst": "1","epoch": "1466287200","pretty": "6:00 PM EDT on June 18, 2016","civil": "6:00 PM","month_name": "June","month_name_abbrev": "Jun","weekday_name": "Saturday","weekday_name_night": "Saturday Night","weekday_name_abbrev": "Sat","weekday_name_unlang": "Saturday","weekday_name_night_unlang": "Saturday Night","ampm": "PM","tz": "","age": "","UTCDATE": ""
		},
		"temp": {"english": "68", "metric": "20"},
		"dewpoint": {"english": "54", "metric": "12"},
		"condition": "Clear",
		"icon": "clear",
		"icon_url":"http://icons.wxug.com/i/c/k/clear.gif",
		"fctcode": "1",
		"sky": "17",
		"wspd": {"english": "11", "metric": "18"},
		"wdir": {"dir": "E", "degrees": "100"},
		"wx": "Sunny",
		"uvi": "1",
		"humidity": "62",
		"windchill": {"english": "-9999", "metric": "-9999"},
		"heatindex": {"english": "-9999", "metric": "-9999"},
		"feelslike": {"english": "68", "metric": "20"},
		"qpf": {"english": "0.0", "metric": "0"},
		"snow": {"english": "0.0", "metric": "0"},
		"pop": "0",
		"mslp": {"english": "30.26", "metric": "1025"}
		}
		,
		{
		"FCTTIME": {
		"hour": "19","hour_padded": "19","min": "00","min_unpadded": "0","sec": "0","year": "2016","mon": "6","mon_padded": "06","mon_abbrev": "Jun","mday": "18","mday_padded": "18","yday": "169","isdst": "1","epoch": "1466290800","pretty": "7:00 PM EDT on June 18, 2016","civil": "7:00 PM","month_name": "June","month_name_abbrev": "Jun","weekday_name": "Saturday","weekday_name_night": "Saturday Night","weekday_name_abbrev": "Sat","weekday_name_unlang": "Saturday","weekday_name_night_unlang": "Saturday Night","ampm": "PM","tz": "","age": "","UTCDATE": ""
		},
		"temp": {"english": "66", "metric": "19"},
		"dewpoint": {"english": "54", "metric": "12"},
		"condition": "Clear",
		"icon": "clear",
		"icon_url":"http://icons.wxug.com/i/c/k/clear.gif",
		"fctcode": "1",
		"sky": "4",
		"wspd": {"english": "10", "metric": "16"},
		"wdir": {"dir": "ESE", "degrees": "116"},
		"wx": "Sunny",
		"uvi": "0",
		"humidity": "65",
		"windchill": {"english": "-9999", "metric": "-9999"},
		"heatindex": {"english": "-9999", "metric": "-9999"},
		"feelslike": {"english": "66", "metric": "19"},
		"qpf": {"english": "0.0", "metric": "0"},
		"snow": {"english": "0.0", "metric": "0"},
		"pop": "0",
		"mslp": {"english": "30.27", "metric": "1025"}
		}
		,
		{
		"FCTTIME": {
		"hour": "20","hour_padded": "20","min": "00","min_unpadded": "0","sec": "0","year": "2016","mon": "6","mon_padded": "06","mon_abbrev": "Jun","mday": "18","mday_padded": "18","yday": "169","isdst": "1","epoch": "1466294400","pretty": "8:00 PM EDT on June 18, 2016","civil": "8:00 PM","month_name": "June","month_name_abbrev": "Jun","weekday_name": "Saturday","weekday_name_night": "Saturday Night","weekday_name_abbrev": "Sat","weekday_name_unlang": "Saturday","weekday_name_night_unlang": "Saturday Night","ampm": "PM","tz": "","age": "","UTCDATE": ""
		},
		"temp": {"english": "65", "metric": "18"},
		"dewpoint": {"english": "54", "metric": "12"},
		"condition": "Clear",
		"icon": "clear",
		"icon_url":"http://icons.wxug.com/i/c/k/clear.gif",
		"fctcode": "1",
		"sky": "3",
		"wspd": {"english": "10", "metric": "16"},
		"wdir": {"dir": "SE", "degrees": "136"},
		"wx": "Sunny",
		"uvi": "0",
		"humidity": "66",
		"windchill": {"english": "-9999", "metric": "-9999"},
		"heatindex": {"english": "-9999", "metric": "-9999"},
		"feelslike": {"english": "65", "metric": "18"},
		"qpf": {"english": "0.0", "metric": "0"},
		"snow": {"english": "0.0", "metric": "0"},
		"pop": "0",
		"mslp": {"english": "30.27", "metric": "1025"}
		}
		,
		{
		"FCTTIME": {
		"hour": "21","hour_padded": "21","min": "00","min_unpadded": "0","sec": "0","year": "2016","mon": "6","mon_padded": "06","mon_abbrev": "Jun","mday": "18","mday_padded": "18","yday": "169","isdst": "1","epoch": "1466298000","pretty": "9:00 PM EDT on June 18, 2016","civil": "9:00 PM","month_name": "June","month_name_abbrev": "Jun","weekday_name": "Saturday","weekday_name_night": "Saturday Night","weekday_name_abbrev": "Sat","weekday_name_unlang": "Saturday","weekday_name_night_unlang": "Saturday Night","ampm": "PM","tz": "","age": "","UTCDATE": ""
		},
		"temp": {"english": "64", "metric": "18"},
		"dewpoint": {"english": "53", "metric": "12"},
		"condition": "Clear",
		"icon": "clear",
		"icon_url":"http://icons.wxug.com/i/c/k/nt_clear.gif",
		"fctcode": "1",
		"sky": "2",
		"wspd": {"english": "8", "metric": "13"},
		"wdir": {"dir": "SE", "degrees": "136"},
		"wx": "Clear",
		"uvi": "0",
		"humidity": "66",
		"windchill": {"english": "-9999", "metric": "-9999"},
		"heatindex": {"english": "-9999", "metric": "-9999"},
		"feelslike": {"english": "64", "metric": "18"},
		"qpf": {"english": "0.0", "metric": "0"},
		"snow": {"english": "0.0", "metric": "0"},
		"pop": "1",
		"mslp": {"english": "30.29", "metric": "1026"}
		}
		,
		{
		"FCTTIME": {
		"hour": "22","hour_padded": "22","min": "00","min_unpadded": "0","sec": "0","year": "2016","mon": "6","mon_padded": "06","mon_abbrev": "Jun","mday": "18","mday_padded": "18","yday": "169","isdst": "1","epoch": "1466301600","pretty": "10:00 PM EDT on June 18, 2016","civil": "10:00 PM","month_name": "June","month_name_abbrev": "Jun","weekday_name": "Saturday","weekday_name_night": "Saturday Night","weekday_name_abbrev": "Sat","weekday_name_unlang": "Saturday","weekday_name_night_unlang": "Saturday Night","ampm": "PM","tz": "","age": "","UTCDATE": ""
		},
		"temp": {"english": "63", "metric": "17"},
		"dewpoint": {"english": "53", "metric": "12"},
		"condition": "Clear",
		"icon": "clear",
		"icon_url":"http://icons.wxug.com/i/c/k/nt_clear.gif",
		"fctcode": "1",
		"sky": "1",
		"wspd": {"english": "7", "metric": "11"},
		"wdir": {"dir": "SSE", "degrees": "150"},
		"wx": "Clear",
		"uvi": "0",
		"humidity": "70",
		"windchill": {"english": "-9999", "metric": "-9999"},
		"heatindex": {"english": "-9999", "metric": "-9999"},
		"feelslike": {"english": "63", "metric": "17"},
		"qpf": {"english": "0.0", "metric": "0"},
		"snow": {"english": "0.0", "metric": "0"},
		"pop": "2",
		"mslp": {"english": "30.31", "metric": "1026"}
		}
		,
		{
		"FCTTIME": {
		"hour": "23","hour_padded": "23","min": "00","min_unpadded": "0","sec": "0","year": "2016","mon": "6","mon_padded": "06","mon_abbrev": "Jun","mday": "18","mday_padded": "18","yday": "169","isdst": "1","epoch": "1466305200","pretty": "11:00 PM EDT on June 18, 2016","civil": "11:00 PM","month_name": "June","month_name_abbrev": "Jun","weekday_name": "Saturday","weekday_name_night": "Saturday Night","weekday_name_abbrev": "Sat","weekday_name_unlang": "Saturday","weekday_name_night_unlang": "Saturday Night","ampm": "PM","tz": "","age": "","UTCDATE": ""
		},
		"temp": {"english": "63", "metric": "17"},
		"dewpoint": {"english": "53", "metric": "12"},
		"condition": "Clear",
		"icon": "clear",
		"icon_url":"http://icons.wxug.com/i/c/k/nt_clear.gif",
		"fctcode": "1",
		"sky": "1",
		"wspd": {"english": "7", "metric": "11"},
		"wdir": {"dir": "S", "degrees": "174"},
		"wx": "Clear",
		"uvi": "0",
		"humidity": "71",
		"windchill": {"english": "-9999", "metric": "-9999"},
		"heatindex": {"english": "-9999", "metric": "-9999"},
		"feelslike": {"english": "63", "metric": "17"},
		"qpf": {"english": "0.0", "metric": "0"},
		"snow": {"english": "0.0", "metric": "0"},
		"pop": "2",
		"mslp": {"english": "30.32", "metric": "1027"}
		}
		,
		{
		"FCTTIME": {
		"hour": "0","hour_padded": "00","min": "00","min_unpadded": "0","sec": "0","year": "2016","mon": "6","mon_padded": "06","mon_abbrev": "Jun","mday": "19","mday_padded": "19","yday": "170","isdst": "1","epoch": "1466308800","pretty": "12:00 AM EDT on June 19, 2016","civil": "12:00 AM","month_name": "June","month_name_abbrev": "Jun","weekday_name": "Sunday","weekday_name_night": "Sunday Night","weekday_name_abbrev": "Sun","weekday_name_unlang": "Sunday","weekday_name_night_unlang": "Sunday Night","ampm": "AM","tz": "","age": "","UTCDATE": ""
		},
		"temp": {"english": "63", "metric": "17"},
		"dewpoint": {"english": "53", "metric": "12"},
		"condition": "Clear",
		"icon": "clear",
		"icon_url":"http://icons.wxug.com/i/c/k/nt_clear.gif",
		"fctcode": "1",
		"sky": "4",
		"wspd": {"english": "7", "metric": "11"},
		"wdir": {"dir": "S", "degrees": "188"},
		"wx": "Clear",
		"uvi": "0",
		"humidity": "72",
		"windchill": {"english": "-9999", "metric": "-9999"},
		"heatindex": {"english": "-9999", "metric": "-9999"},
		"feelslike": {"english": "63", "metric": "17"},
		"qpf": {"english": "0.0", "metric": "0"},
		"snow": {"english": "0.0", "metric": "0"},
		"pop": "2",
		"mslp": {"english": "30.33", "metric": "1027"}
		}
		,
		{
		"FCTTIME": {
		"hour": "1","hour_padded": "01","min": "00","min_unpadded": "0","sec": "0","year": "2016","mon": "6","mon_padded": "06","mon_abbrev": "Jun","mday": "19","mday_padded": "19","yday": "170","isdst": "1","epoch": "1466312400","pretty": "1:00 AM EDT on June 19, 2016","civil": "1:00 AM","month_name": "June","month_name_abbrev": "Jun","weekday_name": "Sunday","weekday_name_night": "Sunday Night","weekday_name_abbrev": "Sun","weekday_name_unlang": "Sunday","weekday_name_night_unlang": "Sunday Night","ampm": "AM","tz": "","age": "","UTCDATE": ""
		},
		"temp": {"english": "62", "metric": "17"},
		"dewpoint": {"english": "53", "metric": "12"},
		"condition": "Clear",
		"icon": "clear",
		"icon_url":"http://icons.wxug.com/i/c/k/nt_clear.gif",
		"fctcode": "1",
		"sky": "2",
		"wspd": {"english": "6", "metric": "10"},
		"wdir": {"dir": "SSW", "degrees": "195"},
		"wx": "Clear",
		"uvi": "0",
		"humidity": "71",
		"windchill": {"english": "-9999", "metric": "-9999"},
		"heatindex": {"english": "-9999", "metric": "-9999"},
		"feelslike": {"english": "62", "metric": "17"},
		"qpf": {"english": "0.0", "metric": "0"},
		"snow": {"english": "0.0", "metric": "0"},
		"pop": "2",
		"mslp": {"english": "30.33", "metric": "1027"}
		}
		,
		{
		"FCTTIME": {
		"hour": "2","hour_padded": "02","min": "00","min_unpadded": "0","sec": "0","year": "2016","mon": "6","mon_padded": "06","mon_abbrev": "Jun","mday": "19","mday_padded": "19","yday": "170","isdst": "1","epoch": "1466316000","pretty": "2:00 AM EDT on June 19, 2016","civil": "2:00 AM","month_name": "June","month_name_abbrev": "Jun","weekday_name": "Sunday","weekday_name_night": "Sunday Night","weekday_name_abbrev": "Sun","weekday_name_unlang": "Sunday","weekday_name_night_unlang": "Sunday Night","ampm": "AM","tz": "","age": "","UTCDATE": ""
		},
		"temp": {"english": "61", "metric": "16"},
		"dewpoint": {"english": "53", "metric": "12"},
		"condition": "Clear",
		"icon": "clear",
		"icon_url":"http://icons.wxug.com/i/c/k/nt_clear.gif",
		"fctcode": "1",
		"sky": "2",
		"wspd": {"english": "5", "metric": "8"},
		"wdir": {"dir": "S", "degrees": "190"},
		"wx": "Clear",
		"uvi": "0",
		"humidity": "75",
		"windchill": {"english": "-9999", "metric": "-9999"},
		"heatindex": {"english": "-9999", "metric": "-9999"},
		"feelslike": {"english": "61", "metric": "16"},
		"qpf": {"english": "0.0", "metric": "0"},
		"snow": {"english": "0.0", "metric": "0"},
		"pop": "3",
		"mslp": {"english": "30.33", "metric": "1027"}
		}
		,
		{
		"FCTTIME": {
		"hour": "3","hour_padded": "03","min": "00","min_unpadded": "0","sec": "0","year": "2016","mon": "6","mon_padded": "06","mon_abbrev": "Jun","mday": "19","mday_padded": "19","yday": "170","isdst": "1","epoch": "1466319600","pretty": "3:00 AM EDT on June 19, 2016","civil": "3:00 AM","month_name": "June","month_name_abbrev": "Jun","weekday_name": "Sunday","weekday_name_night": "Sunday Night","weekday_name_abbrev": "Sun","weekday_name_unlang": "Sunday","weekday_name_night_unlang": "Sunday Night","ampm": "AM","tz": "","age": "","UTCDATE": ""
		},
		"temp": {"english": "60", "metric": "16"},
		"dewpoint": {"english": "54", "metric": "12"},
		"condition": "Clear",
		"icon": "clear",
		"icon_url":"http://icons.wxug.com/i/c/k/nt_clear.gif",
		"fctcode": "1",
		"sky": "2",
		"wspd": {"english": "5", "metric": "8"},
		"wdir": {"dir": "SSW", "degrees": "196"},
		"wx": "Clear",
		"uvi": "0",
		"humidity": "80",
		"windchill": {"english": "-9999", "metric": "-9999"},
		"heatindex": {"english": "-9999", "metric": "-9999"},
		"feelslike": {"english": "60", "metric": "16"},
		"qpf": {"english": "0.0", "metric": "0"},
		"snow": {"english": "0.0", "metric": "0"},
		"pop": "3",
		"mslp": {"english": "30.33", "metric": "1027"}
		}
		,
		{
		"FCTTIME": {
		"hour": "4","hour_padded": "04","min": "00","min_unpadded": "0","sec": "0","year": "2016","mon": "6","mon_padded": "06","mon_abbrev": "Jun","mday": "19","mday_padded": "19","yday": "170","isdst": "1","epoch": "1466323200","pretty": "4:00 AM EDT on June 19, 2016","civil": "4:00 AM","month_name": "June","month_name_abbrev": "Jun","weekday_name": "Sunday","weekday_name_night": "Sunday Night","weekday_name_abbrev": "Sun","weekday_name_unlang": "Sunday","weekday_name_night_unlang": "Sunday Night","ampm": "AM","tz": "","age": "","UTCDATE": ""
		},
		"temp": {"english": "60", "metric": "16"},
		"dewpoint": {"english": "54", "metric": "12"},
		"condition": "Clear",
		"icon": "clear",
		"icon_url":"http://icons.wxug.com/i/c/k/nt_clear.gif",
		"fctcode": "1",
		"sky": "1",
		"wspd": {"english": "5", "metric": "8"},
		"wdir": {"dir": "S", "degrees": "191"},
		"wx": "Clear",
		"uvi": "0",
		"humidity": "81",
		"windchill": {"english": "-9999", "metric": "-9999"},
		"heatindex": {"english": "-9999", "metric": "-9999"},
		"feelslike": {"english": "60", "metric": "16"},
		"qpf": {"english": "0.0", "metric": "0"},
		"snow": {"english": "0.0", "metric": "0"},
		"pop": "3",
		"mslp": {"english": "30.33", "metric": "1027"}
		}
		,
		{
		"FCTTIME": {
		"hour": "5","hour_padded": "05","min": "00","min_unpadded": "0","sec": "0","year": "2016","mon": "6","mon_padded": "06","mon_abbrev": "Jun","mday": "19","mday_padded": "19","yday": "170","isdst": "1","epoch": "1466326800","pretty": "5:00 AM EDT on June 19, 2016","civil": "5:00 AM","month_name": "June","month_name_abbrev": "Jun","weekday_name": "Sunday","weekday_name_night": "Sunday Night","weekday_name_abbrev": "Sun","weekday_name_unlang": "Sunday","weekday_name_night_unlang": "Sunday Night","ampm": "AM","tz": "","age": "","UTCDATE": ""
		},
		"temp": {"english": "59", "metric": "15"},
		"dewpoint": {"english": "54", "metric": "12"},
		"condition": "Clear",
		"icon": "clear",
		"icon_url":"http://icons.wxug.com/i/c/k/nt_clear.gif",
		"fctcode": "1",
		"sky": "1",
		"wspd": {"english": "4", "metric": "6"},
		"wdir": {"dir": "S", "degrees": "183"},
		"wx": "Clear",
		"uvi": "0",
		"humidity": "84",
		"windchill": {"english": "-9999", "metric": "-9999"},
		"heatindex": {"english": "-9999", "metric": "-9999"},
		"feelslike": {"english": "59", "metric": "15"},
		"qpf": {"english": "0.0", "metric": "0"},
		"snow": {"english": "0.0", "metric": "0"},
		"pop": "3",
		"mslp": {"english": "30.33", "metric": "1027"}
		}
		,
		{
		"FCTTIME": {
		"hour": "6","hour_padded": "06","min": "00","min_unpadded": "0","sec": "0","year": "2016","mon": "6","mon_padded": "06","mon_abbrev": "Jun","mday": "19","mday_padded": "19","yday": "170","isdst": "1","epoch": "1466330400","pretty": "6:00 AM EDT on June 19, 2016","civil": "6:00 AM","month_name": "June","month_name_abbrev": "Jun","weekday_name": "Sunday","weekday_name_night": "Sunday Night","weekday_name_abbrev": "Sun","weekday_name_unlang": "Sunday","weekday_name_night_unlang": "Sunday Night","ampm": "AM","tz": "","age": "","UTCDATE": ""
		},
		"temp": {"english": "60", "metric": "16"},
		"dewpoint": {"english": "55", "metric": "13"},
		"condition": "Clear",
		"icon": "clear",
		"icon_url":"http://icons.wxug.com/i/c/k/clear.gif",
		"fctcode": "1",
		"sky": "4",
		"wspd": {"english": "5", "metric": "8"},
		"wdir": {"dir": "S", "degrees": "187"},
		"wx": "Sunny",
		"uvi": "0",
		"humidity": "82",
		"windchill": {"english": "-9999", "metric": "-9999"},
		"heatindex": {"english": "-9999", "metric": "-9999"},
		"feelslike": {"english": "60", "metric": "16"},
		"qpf": {"english": "0.0", "metric": "0"},
		"snow": {"english": "0.0", "metric": "0"},
		"pop": "3",
		"mslp": {"english": "30.33", "metric": "1027"}
		}
		,
		{
		"FCTTIME": {
		"hour": "7","hour_padded": "07","min": "00","min_unpadded": "0","sec": "0","year": "2016","mon": "6","mon_padded": "06","mon_abbrev": "Jun","mday": "19","mday_padded": "19","yday": "170","isdst": "1","epoch": "1466334000","pretty": "7:00 AM EDT on June 19, 2016","civil": "7:00 AM","month_name": "June","month_name_abbrev": "Jun","weekday_name": "Sunday","weekday_name_night": "Sunday Night","weekday_name_abbrev": "Sun","weekday_name_unlang": "Sunday","weekday_name_night_unlang": "Sunday Night","ampm": "AM","tz": "","age": "","UTCDATE": ""
		},
		"temp": {"english": "63", "metric": "17"},
		"dewpoint": {"english": "55", "metric": "13"},
		"condition": "Clear",
		"icon": "clear",
		"icon_url":"http://icons.wxug.com/i/c/k/clear.gif",
		"fctcode": "1",
		"sky": "3",
		"wspd": {"english": "6", "metric": "10"},
		"wdir": {"dir": "S", "degrees": "183"},
		"wx": "Sunny",
		"uvi": "1",
		"humidity": "75",
		"windchill": {"english": "-9999", "metric": "-9999"},
		"heatindex": {"english": "-9999", "metric": "-9999"},
		"feelslike": {"english": "63", "metric": "17"},
		"qpf": {"english": "0.0", "metric": "0"},
		"snow": {"english": "0.0", "metric": "0"},
		"pop": "2",
		"mslp": {"english": "30.34", "metric": "1027"}
		}
		,
		{
		"FCTTIME": {
		"hour": "8","hour_padded": "08","min": "00","min_unpadded": "0","sec": "0","year": "2016","mon": "6","mon_padded": "06","mon_abbrev": "Jun","mday": "19","mday_padded": "19","yday": "170","isdst": "1","epoch": "1466337600","pretty": "8:00 AM EDT on June 19, 2016","civil": "8:00 AM","month_name": "June","month_name_abbrev": "Jun","weekday_name": "Sunday","weekday_name_night": "Sunday Night","weekday_name_abbrev": "Sun","weekday_name_unlang": "Sunday","weekday_name_night_unlang": "Sunday Night","ampm": "AM","tz": "","age": "","UTCDATE": ""
		},
		"temp": {"english": "67", "metric": "19"},
		"dewpoint": {"english": "54", "metric": "12"},
		"condition": "Clear",
		"icon": "clear",
		"icon_url":"http://icons.wxug.com/i/c/k/clear.gif",
		"fctcode": "1",
		"sky": "3",
		"wspd": {"english": "7", "metric": "11"},
		"wdir": {"dir": "S", "degrees": "188"},
		"wx": "Sunny",
		"uvi": "2",
		"humidity": "63",
		"windchill": {"english": "-9999", "metric": "-9999"},
		"heatindex": {"english": "-9999", "metric": "-9999"},
		"feelslike": {"english": "67", "metric": "19"},
		"qpf": {"english": "0.0", "metric": "0"},
		"snow": {"english": "0.0", "metric": "0"},
		"pop": "1",
		"mslp": {"english": "30.34", "metric": "1027"}
		}
		,
		{
		"FCTTIME": {
		"hour": "9","hour_padded": "09","min": "00","min_unpadded": "0","sec": "0","year": "2016","mon": "6","mon_padded": "06","mon_abbrev": "Jun","mday": "19","mday_padded": "19","yday": "170","isdst": "1","epoch": "1466341200","pretty": "9:00 AM EDT on June 19, 2016","civil": "9:00 AM","month_name": "June","month_name_abbrev": "Jun","weekday_name": "Sunday","weekday_name_night": "Sunday Night","weekday_name_abbrev": "Sun","weekday_name_unlang": "Sunday","weekday_name_night_unlang": "Sunday Night","ampm": "AM","tz": "","age": "","UTCDATE": ""
		},
		"temp": {"english": "71", "metric": "22"},
		"dewpoint": {"english": "53", "metric": "12"},
		"condition": "Clear",
		"icon": "clear",
		"icon_url":"http://icons.wxug.com/i/c/k/clear.gif",
		"fctcode": "1",
		"sky": "9",
		"wspd": {"english": "8", "metric": "13"},
		"wdir": {"dir": "S", "degrees": "187"},
		"wx": "Sunny",
		"uvi": "3",
		"humidity": "53",
		"windchill": {"english": "-9999", "metric": "-9999"},
		"heatindex": {"english": "-9999", "metric": "-9999"},
		"feelslike": {"english": "71", "metric": "22"},
		"qpf": {"english": "0.0", "metric": "0"},
		"snow": {"english": "0.0", "metric": "0"},
		"pop": "0",
		"mslp": {"english": "30.33", "metric": "1027"}
		}
		,
		{
		"FCTTIME": {
		"hour": "10","hour_padded": "10","min": "00","min_unpadded": "0","sec": "0","year": "2016","mon": "6","mon_padded": "06","mon_abbrev": "Jun","mday": "19","mday_padded": "19","yday": "170","isdst": "1","epoch": "1466344800","pretty": "10:00 AM EDT on June 19, 2016","civil": "10:00 AM","month_name": "June","month_name_abbrev": "Jun","weekday_name": "Sunday","weekday_name_night": "Sunday Night","weekday_name_abbrev": "Sun","weekday_name_unlang": "Sunday","weekday_name_night_unlang": "Sunday Night","ampm": "AM","tz": "","age": "","UTCDATE": ""
		},
		"temp": {"english": "75", "metric": "24"},
		"dewpoint": {"english": "53", "metric": "12"},
		"condition": "Clear",
		"icon": "clear",
		"icon_url":"http://icons.wxug.com/i/c/k/clear.gif",
		"fctcode": "1",
		"sky": "5",
		"wspd": {"english": "8", "metric": "13"},
		"wdir": {"dir": "S", "degrees": "184"},
		"wx": "Sunny",
		"uvi": "5",
		"humidity": "46",
		"windchill": {"english": "-9999", "metric": "-9999"},
		"heatindex": {"english": "-9999", "metric": "-9999"},
		"feelslike": {"english": "75", "metric": "24"},
		"qpf": {"english": "0.0", "metric": "0"},
		"snow": {"english": "0.0", "metric": "0"},
		"pop": "0",
		"mslp": {"english": "30.33", "metric": "1027"}
		}
		,
		{
		"FCTTIME": {
		"hour": "11","hour_padded": "11","min": "00","min_unpadded": "0","sec": "0","year": "2016","mon": "6","mon_padded": "06","mon_abbrev": "Jun","mday": "19","mday_padded": "19","yday": "170","isdst": "1","epoch": "1466348400","pretty": "11:00 AM EDT on June 19, 2016","civil": "11:00 AM","month_name": "June","month_name_abbrev": "Jun","weekday_name": "Sunday","weekday_name_night": "Sunday Night","weekday_name_abbrev": "Sun","weekday_name_unlang": "Sunday","weekday_name_night_unlang": "Sunday Night","ampm": "AM","tz": "","age": "","UTCDATE": ""
		},
		"temp": {"english": "77", "metric": "25"},
		"dewpoint": {"english": "52", "metric": "11"},
		"condition": "Clear",
		"icon": "clear",
		"icon_url":"http://icons.wxug.com/i/c/k/clear.gif",
		"fctcode": "1",
		"sky": "4",
		"wspd": {"english": "10", "metric": "16"},
		"wdir": {"dir": "S", "degrees": "177"},
		"wx": "Sunny",
		"uvi": "7",
		"humidity": "41",
		"windchill": {"english": "-9999", "metric": "-9999"},
		"heatindex": {"english": "-9999", "metric": "-9999"},
		"feelslike": {"english": "77", "metric": "25"},
		"qpf": {"english": "0.0", "metric": "0"},
		"snow": {"english": "0.0", "metric": "0"},
		"pop": "0",
		"mslp": {"english": "30.32", "metric": "1027"}
		}
		,
		{
		"FCTTIME": {
		"hour": "12","hour_padded": "12","min": "00","min_unpadded": "0","sec": "0","year": "2016","mon": "6","mon_padded": "06","mon_abbrev": "Jun","mday": "19","mday_padded": "19","yday": "170","isdst": "1","epoch": "1466352000","pretty": "12:00 PM EDT on June 19, 2016","civil": "12:00 PM","month_name": "June","month_name_abbrev": "Jun","weekday_name": "Sunday","weekday_name_night": "Sunday Night","weekday_name_abbrev": "Sun","weekday_name_unlang": "Sunday","weekday_name_night_unlang": "Sunday Night","ampm": "PM","tz": "","age": "","UTCDATE": ""
		},
		"temp": {"english": "79", "metric": "26"},
		"dewpoint": {"english": "52", "metric": "11"},
		"condition": "Clear",
		"icon": "clear",
		"icon_url":"http://icons.wxug.com/i/c/k/clear.gif",
		"fctcode": "1",
		"sky": "4",
		"wspd": {"english": "11", "metric": "18"},
		"wdir": {"dir": "S", "degrees": "179"},
		"wx": "Sunny",
		"uvi": "8",
		"humidity": "39",
		"windchill": {"english": "-9999", "metric": "-9999"},
		"heatindex": {"english": "-9999", "metric": "-9999"},
		"feelslike": {"english": "79", "metric": "26"},
		"qpf": {"english": "0.0", "metric": "0"},
		"snow": {"english": "0.0", "metric": "0"},
		"pop": "0",
		"mslp": {"english": "30.3", "metric": "1026"}
		}
		,
		{
		"FCTTIME": {
		"hour": "13","hour_padded": "13","min": "00","min_unpadded": "0","sec": "0","year": "2016","mon": "6","mon_padded": "06","mon_abbrev": "Jun","mday": "19","mday_padded": "19","yday": "170","isdst": "1","epoch": "1466355600","pretty": "1:00 PM EDT on June 19, 2016","civil": "1:00 PM","month_name": "June","month_name_abbrev": "Jun","weekday_name": "Sunday","weekday_name_night": "Sunday Night","weekday_name_abbrev": "Sun","weekday_name_unlang": "Sunday","weekday_name_night_unlang": "Sunday Night","ampm": "PM","tz": "","age": "","UTCDATE": ""
		},
		"temp": {"english": "80", "metric": "27"},
		"dewpoint": {"english": "52", "metric": "11"},
		"condition": "Clear",
		"icon": "clear",
		"icon_url":"http://icons.wxug.com/i/c/k/clear.gif",
		"fctcode": "1",
		"sky": "1",
		"wspd": {"english": "12", "metric": "19"},
		"wdir": {"dir": "S", "degrees": "181"},
		"wx": "Sunny",
		"uvi": "9",
		"humidity": "38",
		"windchill": {"english": "-9999", "metric": "-9999"},
		"heatindex": {"english": "-9999", "metric": "-9999"},
		"feelslike": {"english": "80", "metric": "27"},
		"qpf": {"english": "0.0", "metric": "0"},
		"snow": {"english": "0.0", "metric": "0"},
		"pop": "0",
		"mslp": {"english": "30.29", "metric": "1026"}
		}
		,
		{
		"FCTTIME": {
		"hour": "14","hour_padded": "14","min": "00","min_unpadded": "0","sec": "0","year": "2016","mon": "6","mon_padded": "06","mon_abbrev": "Jun","mday": "19","mday_padded": "19","yday": "170","isdst": "1","epoch": "1466359200","pretty": "2:00 PM EDT on June 19, 2016","civil": "2:00 PM","month_name": "June","month_name_abbrev": "Jun","weekday_name": "Sunday","weekday_name_night": "Sunday Night","weekday_name_abbrev": "Sun","weekday_name_unlang": "Sunday","weekday_name_night_unlang": "Sunday Night","ampm": "PM","tz": "","age": "","UTCDATE": ""
		},
		"temp": {"english": "80", "metric": "27"},
		"dewpoint": {"english": "52", "metric": "11"},
		"condition": "Clear",
		"icon": "clear",
		"icon_url":"http://icons.wxug.com/i/c/k/clear.gif",
		"fctcode": "1",
		"sky": "1",
		"wspd": {"english": "14", "metric": "23"},
		"wdir": {"dir": "S", "degrees": "184"},
		"wx": "Sunny",
		"uvi": "8",
		"humidity": "38",
		"windchill": {"english": "-9999", "metric": "-9999"},
		"heatindex": {"english": "-9999", "metric": "-9999"},
		"feelslike": {"english": "80", "metric": "27"},
		"qpf": {"english": "0.0", "metric": "0"},
		"snow": {"english": "0.0", "metric": "0"},
		"pop": "0",
		"mslp": {"english": "30.27", "metric": "1025"}
		}
		,
		{
		"FCTTIME": {
		"hour": "15","hour_padded": "15","min": "00","min_unpadded": "0","sec": "0","year": "2016","mon": "6","mon_padded": "06","mon_abbrev": "Jun","mday": "19","mday_padded": "19","yday": "170","isdst": "1","epoch": "1466362800","pretty": "3:00 PM EDT on June 19, 2016","civil": "3:00 PM","month_name": "June","month_name_abbrev": "Jun","weekday_name": "Sunday","weekday_name_night": "Sunday Night","weekday_name_abbrev": "Sun","weekday_name_unlang": "Sunday","weekday_name_night_unlang": "Sunday Night","ampm": "PM","tz": "","age": "","UTCDATE": ""
		},
		"temp": {"english": "80", "metric": "27"},
		"dewpoint": {"english": "51", "metric": "11"},
		"condition": "Clear",
		"icon": "clear",
		"icon_url":"http://icons.wxug.com/i/c/k/clear.gif",
		"fctcode": "1",
		"sky": "2",
		"wspd": {"english": "15", "metric": "24"},
		"wdir": {"dir": "S", "degrees": "186"},
		"wx": "Sunny",
		"uvi": "6",
		"humidity": "37",
		"windchill": {"english": "-9999", "metric": "-9999"},
		"heatindex": {"english": "-9999", "metric": "-9999"},
		"feelslike": {"english": "80", "metric": "27"},
		"qpf": {"english": "0.0", "metric": "0"},
		"snow": {"english": "0.0", "metric": "0"},
		"pop": "0",
		"mslp": {"english": "30.26", "metric": "1025"}
		}
		,
		{
		"FCTTIME": {
		"hour": "16","hour_padded": "16","min": "00","min_unpadded": "0","sec": "0","year": "2016","mon": "6","mon_padded": "06","mon_abbrev": "Jun","mday": "19","mday_padded": "19","yday": "170","isdst": "1","epoch": "1466366400","pretty": "4:00 PM EDT on June 19, 2016","civil": "4:00 PM","month_name": "June","month_name_abbrev": "Jun","weekday_name": "Sunday","weekday_name_night": "Sunday Night","weekday_name_abbrev": "Sun","weekday_name_unlang": "Sunday","weekday_name_night_unlang": "Sunday Night","ampm": "PM","tz": "","age": "","UTCDATE": ""
		},
		"temp": {"english": "79", "metric": "26"},
		"dewpoint": {"english": "49", "metric": "9"},
		"condition": "Clear",
		"icon": "clear",
		"icon_url":"http://icons.wxug.com/i/c/k/clear.gif",
		"fctcode": "1",
		"sky": "7",
		"wspd": {"english": "16", "metric": "26"},
		"wdir": {"dir": "S", "degrees": "192"},
		"wx": "Sunny",
		"uvi": "4",
		"humidity": "35",
		"windchill": {"english": "-9999", "metric": "-9999"},
		"heatindex": {"english": "-9999", "metric": "-9999"},
		"feelslike": {"english": "79", "metric": "26"},
		"qpf": {"english": "0.0", "metric": "0"},
		"snow": {"english": "0.0", "metric": "0"},
		"pop": "0",
		"mslp": {"english": "30.26", "metric": "1025"}
		}
		,
		{
		"FCTTIME": {
		"hour": "17","hour_padded": "17","min": "00","min_unpadded": "0","sec": "0","year": "2016","mon": "6","mon_padded": "06","mon_abbrev": "Jun","mday": "19","mday_padded": "19","yday": "170","isdst": "1","epoch": "1466370000","pretty": "5:00 PM EDT on June 19, 2016","civil": "5:00 PM","month_name": "June","month_name_abbrev": "Jun","weekday_name": "Sunday","weekday_name_night": "Sunday Night","weekday_name_abbrev": "Sun","weekday_name_unlang": "Sunday","weekday_name_night_unlang": "Sunday Night","ampm": "PM","tz": "","age": "","UTCDATE": ""
		},
		"temp": {"english": "78", "metric": "26"},
		"dewpoint": {"english": "47", "metric": "8"},
		"condition": "Clear",
		"icon": "clear",
		"icon_url":"http://icons.wxug.com/i/c/k/clear.gif",
		"fctcode": "1",
		"sky": "9",
		"wspd": {"english": "16", "metric": "26"},
		"wdir": {"dir": "S", "degrees": "192"},
		"wx": "Sunny",
		"uvi": "2",
		"humidity": "34",
		"windchill": {"english": "-9999", "metric": "-9999"},
		"heatindex": {"english": "-9999", "metric": "-9999"},
		"feelslike": {"english": "78", "metric": "26"},
		"qpf": {"english": "0.0", "metric": "0"},
		"snow": {"english": "0.0", "metric": "0"},
		"pop": "0",
		"mslp": {"english": "30.25", "metric": "1024"}
		}
		,
		{
		"FCTTIME": {
		"hour": "18","hour_padded": "18","min": "00","min_unpadded": "0","sec": "0","year": "2016","mon": "6","mon_padded": "06","mon_abbrev": "Jun","mday": "19","mday_padded": "19","yday": "170","isdst": "1","epoch": "1466373600","pretty": "6:00 PM EDT on June 19, 2016","civil": "6:00 PM","month_name": "June","month_name_abbrev": "Jun","weekday_name": "Sunday","weekday_name_night": "Sunday Night","weekday_name_abbrev": "Sun","weekday_name_unlang": "Sunday","weekday_name_night_unlang": "Sunday Night","ampm": "PM","tz": "","age": "","UTCDATE": ""
		},
		"temp": {"english": "76", "metric": "24"},
		"dewpoint": {"english": "47", "metric": "8"},
		"condition": "Clear",
		"icon": "clear",
		"icon_url":"http://icons.wxug.com/i/c/k/clear.gif",
		"fctcode": "1",
		"sky": "7",
		"wspd": {"english": "16", "metric": "26"},
		"wdir": {"dir": "SSW", "degrees": "194"},
		"wx": "Sunny",
		"uvi": "1",
		"humidity": "36",
		"windchill": {"english": "-9999", "metric": "-9999"},
		"heatindex": {"english": "-9999", "metric": "-9999"},
		"feelslike": {"english": "76", "metric": "24"},
		"qpf": {"english": "0.0", "metric": "0"},
		"snow": {"english": "0.0", "metric": "0"},
		"pop": "0",
		"mslp": {"english": "30.26", "metric": "1025"}
		}
		,
		{
		"FCTTIME": {
		"hour": "19","hour_padded": "19","min": "00","min_unpadded": "0","sec": "0","year": "2016","mon": "6","mon_padded": "06","mon_abbrev": "Jun","mday": "19","mday_padded": "19","yday": "170","isdst": "1","epoch": "1466377200","pretty": "7:00 PM EDT on June 19, 2016","civil": "7:00 PM","month_name": "June","month_name_abbrev": "Jun","weekday_name": "Sunday","weekday_name_night": "Sunday Night","weekday_name_abbrev": "Sun","weekday_name_unlang": "Sunday","weekday_name_night_unlang": "Sunday Night","ampm": "PM","tz": "","age": "","UTCDATE": ""
		},
		"temp": {"english": "73", "metric": "23"},
		"dewpoint": {"english": "47", "metric": "8"},
		"condition": "Clear",
		"icon": "clear",
		"icon_url":"http://icons.wxug.com/i/c/k/clear.gif",
		"fctcode": "1",
		"sky": "6",
		"wspd": {"english": "16", "metric": "26"},
		"wdir": {"dir": "SSW", "degrees": "195"},
		"wx": "Sunny",
		"uvi": "0",
		"humidity": "39",
		"windchill": {"english": "-9999", "metric": "-9999"},
		"heatindex": {"english": "-9999", "metric": "-9999"},
		"feelslike": {"english": "73", "metric": "23"},
		"qpf": {"english": "0.0", "metric": "0"},
		"snow": {"english": "0.0", "metric": "0"},
		"pop": "0",
		"mslp": {"english": "30.27", "metric": "1025"}
		}
		,
		{
		"FCTTIME": {
		"hour": "20","hour_padded": "20","min": "00","min_unpadded": "0","sec": "0","year": "2016","mon": "6","mon_padded": "06","mon_abbrev": "Jun","mday": "19","mday_padded": "19","yday": "170","isdst": "1","epoch": "1466380800","pretty": "8:00 PM EDT on June 19, 2016","civil": "8:00 PM","month_name": "June","month_name_abbrev": "Jun","weekday_name": "Sunday","weekday_name_night": "Sunday Night","weekday_name_abbrev": "Sun","weekday_name_unlang": "Sunday","weekday_name_night_unlang": "Sunday Night","ampm": "PM","tz": "","age": "","UTCDATE": ""
		},
		"temp": {"english": "71", "metric": "22"},
		"dewpoint": {"english": "48", "metric": "9"},
		"condition": "Clear",
		"icon": "clear",
		"icon_url":"http://icons.wxug.com/i/c/k/clear.gif",
		"fctcode": "1",
		"sky": "5",
		"wspd": {"english": "15", "metric": "24"},
		"wdir": {"dir": "SSW", "degrees": "200"},
		"wx": "Sunny",
		"uvi": "0",
		"humidity": "43",
		"windchill": {"english": "-9999", "metric": "-9999"},
		"heatindex": {"english": "-9999", "metric": "-9999"},
		"feelslike": {"english": "71", "metric": "22"},
		"qpf": {"english": "0.0", "metric": "0"},
		"snow": {"english": "0.0", "metric": "0"},
		"pop": "0",
		"mslp": {"english": "30.28", "metric": "1025"}
		}
		,
		{
		"FCTTIME": {
		"hour": "21","hour_padded": "21","min": "00","min_unpadded": "0","sec": "0","year": "2016","mon": "6","mon_padded": "06","mon_abbrev": "Jun","mday": "19","mday_padded": "19","yday": "170","isdst": "1","epoch": "1466384400","pretty": "9:00 PM EDT on June 19, 2016","civil": "9:00 PM","month_name": "June","month_name_abbrev": "Jun","weekday_name": "Sunday","weekday_name_night": "Sunday Night","weekday_name_abbrev": "Sun","weekday_name_unlang": "Sunday","weekday_name_night_unlang": "Sunday Night","ampm": "PM","tz": "","age": "","UTCDATE": ""
		},
		"temp": {"english": "69", "metric": "21"},
		"dewpoint": {"english": "46", "metric": "8"},
		"condition": "Clear",
		"icon": "clear",
		"icon_url":"http://icons.wxug.com/i/c/k/nt_clear.gif",
		"fctcode": "1",
		"sky": "5",
		"wspd": {"english": "13", "metric": "21"},
		"wdir": {"dir": "SSW", "degrees": "203"},
		"wx": "Clear",
		"uvi": "0",
		"humidity": "44",
		"windchill": {"english": "-9999", "metric": "-9999"},
		"heatindex": {"english": "-9999", "metric": "-9999"},
		"feelslike": {"english": "69", "metric": "21"},
		"qpf": {"english": "0.0", "metric": "0"},
		"snow": {"english": "0.0", "metric": "0"},
		"pop": "0",
		"mslp": {"english": "30.28", "metric": "1025"}
		}
		,
		{
		"FCTTIME": {
		"hour": "22","hour_padded": "22","min": "00","min_unpadded": "0","sec": "0","year": "2016","mon": "6","mon_padded": "06","mon_abbrev": "Jun","mday": "19","mday_padded": "19","yday": "170","isdst": "1","epoch": "1466388000","pretty": "10:00 PM EDT on June 19, 2016","civil": "10:00 PM","month_name": "June","month_name_abbrev": "Jun","weekday_name": "Sunday","weekday_name_night": "Sunday Night","weekday_name_abbrev": "Sun","weekday_name_unlang": "Sunday","weekday_name_night_unlang": "Sunday Night","ampm": "PM","tz": "","age": "","UTCDATE": ""
		},
		"temp": {"english": "67", "metric": "19"},
		"dewpoint": {"english": "46", "metric": "8"},
		"condition": "Clear",
		"icon": "clear",
		"icon_url":"http://icons.wxug.com/i/c/k/nt_clear.gif",
		"fctcode": "1",
		"sky": "3",
		"wspd": {"english": "12", "metric": "19"},
		"wdir": {"dir": "SSW", "degrees": "205"},
		"wx": "Clear",
		"uvi": "0",
		"humidity": "47",
		"windchill": {"english": "-9999", "metric": "-9999"},
		"heatindex": {"english": "-9999", "metric": "-9999"},
		"feelslike": {"english": "67", "metric": "19"},
		"qpf": {"english": "0.0", "metric": "0"},
		"snow": {"english": "0.0", "metric": "0"},
		"pop": "1",
		"mslp": {"english": "30.28", "metric": "1025"}
		}
		,
		{
		"FCTTIME": {
		"hour": "23","hour_padded": "23","min": "00","min_unpadded": "0","sec": "0","year": "2016","mon": "6","mon_padded": "06","mon_abbrev": "Jun","mday": "19","mday_padded": "19","yday": "170","isdst": "1","epoch": "1466391600","pretty": "11:00 PM EDT on June 19, 2016","civil": "11:00 PM","month_name": "June","month_name_abbrev": "Jun","weekday_name": "Sunday","weekday_name_night": "Sunday Night","weekday_name_abbrev": "Sun","weekday_name_unlang": "Sunday","weekday_name_night_unlang": "Sunday Night","ampm": "PM","tz": "","age": "","UTCDATE": ""
		},
		"temp": {"english": "66", "metric": "19"},
		"dewpoint": {"english": "49", "metric": "9"},
		"condition": "Clear",
		"icon": "clear",
		"icon_url":"http://icons.wxug.com/i/c/k/nt_clear.gif",
		"fctcode": "1",
		"sky": "2",
		"wspd": {"english": "12", "metric": "19"},
		"wdir": {"dir": "SSW", "degrees": "208"},
		"wx": "Clear",
		"uvi": "0",
		"humidity": "53",
		"windchill": {"english": "-9999", "metric": "-9999"},
		"heatindex": {"english": "-9999", "metric": "-9999"},
		"feelslike": {"english": "66", "metric": "19"},
		"qpf": {"english": "0.0", "metric": "0"},
		"snow": {"english": "0.0", "metric": "0"},
		"pop": "1",
		"mslp": {"english": "30.28", "metric": "1025"}
		}
		,
		{
		"FCTTIME": {
		"hour": "0","hour_padded": "00","min": "00","min_unpadded": "0","sec": "0","year": "2016","mon": "6","mon_padded": "06","mon_abbrev": "Jun","mday": "20","mday_padded": "20","yday": "171","isdst": "1","epoch": "1466395200","pretty": "12:00 AM EDT on June 20, 2016","civil": "12:00 AM","month_name": "June","month_name_abbrev": "Jun","weekday_name": "Monday","weekday_name_night": "Monday Night","weekday_name_abbrev": "Mon","weekday_name_unlang": "Monday","weekday_name_night_unlang": "Monday Night","ampm": "AM","tz": "","age": "","UTCDATE": ""
		},
		"temp": {"english": "65", "metric": "18"},
		"dewpoint": {"english": "49", "metric": "9"},
		"condition": "Clear",
		"icon": "clear",
		"icon_url":"http://icons.wxug.com/i/c/k/nt_clear.gif",
		"fctcode": "1",
		"sky": "3",
		"wspd": {"english": "11", "metric": "18"},
		"wdir": {"dir": "SSW", "degrees": "212"},
		"wx": "Clear",
		"uvi": "0",
		"humidity": "56",
		"windchill": {"english": "-9999", "metric": "-9999"},
		"heatindex": {"english": "-9999", "metric": "-9999"},
		"feelslike": {"english": "65", "metric": "18"},
		"qpf": {"english": "0.0", "metric": "0"},
		"snow": {"english": "0.0", "metric": "0"},
		"pop": "1",
		"mslp": {"english": "30.27", "metric": "1025"}
		}
		,
		{
		"FCTTIME": {
		"hour": "1","hour_padded": "01","min": "00","min_unpadded": "0","sec": "0","year": "2016","mon": "6","mon_padded": "06","mon_abbrev": "Jun","mday": "20","mday_padded": "20","yday": "171","isdst": "1","epoch": "1466398800","pretty": "1:00 AM EDT on June 20, 2016","civil": "1:00 AM","month_name": "June","month_name_abbrev": "Jun","weekday_name": "Monday","weekday_name_night": "Monday Night","weekday_name_abbrev": "Mon","weekday_name_unlang": "Monday","weekday_name_night_unlang": "Monday Night","ampm": "AM","tz": "","age": "","UTCDATE": ""
		},
		"temp": {"english": "64", "metric": "18"},
		"dewpoint": {"english": "49", "metric": "9"},
		"condition": "Clear",
		"icon": "clear",
		"icon_url":"http://icons.wxug.com/i/c/k/nt_clear.gif",
		"fctcode": "1",
		"sky": "5",
		"wspd": {"english": "10", "metric": "16"},
		"wdir": {"dir": "SSW", "degrees": "212"},
		"wx": "Clear",
		"uvi": "0",
		"humidity": "56",
		"windchill": {"english": "-9999", "metric": "-9999"},
		"heatindex": {"english": "-9999", "metric": "-9999"},
		"feelslike": {"english": "64", "metric": "18"},
		"qpf": {"english": "0.0", "metric": "0"},
		"snow": {"english": "0.0", "metric": "0"},
		"pop": "1",
		"mslp": {"english": "30.26", "metric": "1025"}
		}
	]
}